{"cameraMode":{"drawMode":0,"name":"Shaded","section":"Shading Mode"},"sceneLighting":false,"audioPlay":false,"sceneViewState":{"showFog":true,"showMaterialUpdate":false,"showSkybox":false,"showFlares":true,"showImageEffects":true,"showParticleSystems":true},"in2DMode":false,"pivot":{"x":-0.006705105304718018,"y":0.09817266464233399,"z":-5.077549457550049},"rotation":{"x":0.17193648219108582,"y":0.11467453837394715,"z":0.020156092941761018,"w":-0.9782031774520874},"size":1.895331859588623,"orthographic":false}