{"cameraMode":{"drawMode":0,"name":"Shaded","section":"Shading Mode"},"sceneLighting":false,"audioPlay":false,"sceneViewState":{"showFog":true,"showMaterialUpdate":false,"showSkybox":false,"showFlares":true,"showImageEffects":true,"showParticleSystems":true},"in2DMode":false,"pivot":{"x":9.194892883300782,"y":0.532379150390625,"z":2.689878463745117},"rotation":{"x":-0.03525378182530403,"y":-0.2976359724998474,"z":0.01087951846420765,"w":-0.9540398120880127},"size":24.315275192260743,"orthographic":false}