{"cameraMode":{"drawMode":0,"name":"Shaded","section":"Shading Mode"},"sceneLighting":false,"audioPlay":false,"sceneViewState":{"showFog":true,"showMaterialUpdate":false,"showSkybox":false,"showFlares":true,"showImageEffects":true,"showParticleSystems":true},"in2DMode":false,"pivot":{"x":94.83114624023438,"y":-10.211397171020508,"z":-169.09335327148438},"rotation":{"x":0.33652999997138979,"y":0.03814239054918289,"z":-0.013599113561213017,"w":0.940863847732544},"size":4.460759162902832,"orthographic":false}