{"cameraMode":{"drawMode":0,"name":"Shaded","section":"Shading Mode"},"sceneLighting":false,"audioPlay":false,"sceneViewState":{"showFog":true,"showMaterialUpdate":false,"showSkybox":false,"showFlares":true,"showImageEffects":true,"showParticleSystems":true},"in2DMode":false,"pivot":{"x":0.1526956558227539,"y":2.7419204711914064,"z":2.1074752807617189},"rotation":{"x":0.17193648219108582,"y":0.11467453837394715,"z":0.020156092941761018,"w":-0.9782031774520874},"size":17.63367462158203,"orthographic":false}