{"cameraMode":{"drawMode":0,"name":"Shaded","section":"Shading Mode"},"sceneLighting":true,"audioPlay":false,"sceneViewState":{"showFog":true,"showMaterialUpdate":false,"showSkybox":true,"showFlares":true,"showImageEffects":true,"showParticleSystems":true},"in2DMode":false,"pivot":{"x":102.23693084716797,"y":4.106579303741455,"z":-31.923992156982423},"rotation":{"x":0.05167165398597717,"y":-0.08977586030960083,"z":0.004621615167707205,"w":0.9946862459182739},"size":10.0,"orthographic":false}