{"cameraMode":{"drawMode":0,"name":"Shaded","section":"Shading Mode"},"sceneLighting":false,"audioPlay":false,"sceneViewState":{"showFog":true,"showMaterialUpdate":false,"showSkybox":false,"showFlares":true,"showImageEffects":true,"showParticleSystems":true},"in2DMode":false,"pivot":{"x":105.47245025634766,"y":-0.8871626853942871,"z":-68.96714782714844},"rotation":{"x":-0.03525378182530403,"y":-0.2976359724998474,"z":0.01087951846420765,"w":-0.9540398120880127},"size":1.7245831489562989,"orthographic":false}