{"cameraMode":{"drawMode":0,"name":"Shaded","section":"Shading Mode"},"sceneLighting":false,"audioPlay":false,"sceneViewState":{"showFog":true,"showMaterialUpdate":false,"showSkybox":false,"showFlares":true,"showImageEffects":true,"showParticleSystems":true},"in2DMode":false,"pivot":{"x":0.0,"y":-0.330888032913208,"z":0.18588733673095704},"rotation":{"x":0.17193648219108582,"y":0.11467453837394715,"z":0.020156092941761018,"w":-0.9782031774520874},"size":9.404922485351563,"orthographic":false}