{"cameraMode":{"drawMode":0,"name":"Shaded","section":"Shading Mode"},"sceneLighting":false,"audioPlay":false,"sceneViewState":{"showFog":true,"showMaterialUpdate":false,"showSkybox":false,"showFlares":true,"showImageEffects":true,"showParticleSystems":true},"in2DMode":false,"pivot":{"x":106.6666030883789,"y":-0.5999999046325684,"z":-51.84324645996094},"rotation":{"x":-0.03525378182530403,"y":-0.2976359724998474,"z":0.01087951846420765,"w":-0.9540398120880127},"size":1.1350346803665162,"orthographic":false}