{"cameraMode":{"drawMode":0,"name":"Shaded","section":"Shading Mode"},"sceneLighting":true,"audioPlay":false,"sceneViewState":{"m_AlwaysRefresh":false,"showFog":true,"showSkybox":true,"showFlares":true,"showImageEffects":true,"showParticleSystems":true,"showVisualEffectGraphs":true,"m_FxEnabled":true},"in2DMode":false,"pivot":{"x":86.56539154052735,"y":1.9959421157836915,"z":-47.20109939575195},"rotation":{"x":0.03830850124359131,"y":0.4837275445461273,"z":-0.021217526867985727,"w":0.8740193843841553},"size":0.866039514541626,"orthographic":false}