{"cameraMode":{"drawMode":0,"name":"Shaded","section":"Shading Mode"},"sceneLighting":true,"audioPlay":false,"sceneViewState":{"m_AlwaysRefresh":false,"showFog":true,"showSkybox":true,"showFlares":true,"showImageEffects":true,"showParticleSystems":true,"showVisualEffectGraphs":true,"m_FxEnabled":true},"in2DMode":false,"pivot":{"x":98.04776000976563,"y":2.1913886070251467,"z":-51.026161193847659},"rotation":{"x":-0.0030943986494094135,"y":-0.995775043964386,"z":0.039164457470178607,"w":-0.07873406261205673},"size":8.668285369873047,"orthographic":false}